{"cameraMode":{"drawMode":0,"name":"Shaded","section":"Shading Mode"},"sceneLighting":true,"audioPlay":false,"sceneViewState":{"showFog":true,"showMaterialUpdate":true,"showSkybox":true,"showFlares":true,"showImageEffects":true,"showParticleSystems":true},"in2DMode":false,"pivot":{"x":-7.019313335418701,"y":-15.219385147094727,"z":5.449495315551758},"rotation":{"x":-0.4532434046268463,"y":-0.007215903140604496,"z":0.003684448078274727,"w":-0.8913687467575073},"size":39.15269470214844,"orthographic":false}